CREATE DATABASE  IF NOT EXISTS `velvet_db` /*!40100 DEFAULT CHARACTER SET latin1 */;
USE `velvet_db`;
-- MySQL dump 10.13  Distrib 5.5.44, for debian-linux-gnu (x86_64)
--
-- Host: 127.0.0.1    Database: velvet_db
-- ------------------------------------------------------
-- Server version	5.5.44-0ubuntu0.14.04.1

/*!40101 SET @OLD_CHARACTER_SET_CLIENT=@@CHARACTER_SET_CLIENT */;
/*!40101 SET @OLD_CHARACTER_SET_RESULTS=@@CHARACTER_SET_RESULTS */;
/*!40101 SET @OLD_COLLATION_CONNECTION=@@COLLATION_CONNECTION */;
/*!40101 SET NAMES utf8 */;
/*!40103 SET @OLD_TIME_ZONE=@@TIME_ZONE */;
/*!40103 SET TIME_ZONE='+00:00' */;
/*!40014 SET @OLD_UNIQUE_CHECKS=@@UNIQUE_CHECKS, UNIQUE_CHECKS=0 */;
/*!40014 SET @OLD_FOREIGN_KEY_CHECKS=@@FOREIGN_KEY_CHECKS, FOREIGN_KEY_CHECKS=0 */;
/*!40101 SET @OLD_SQL_MODE=@@SQL_MODE, SQL_MODE='NO_AUTO_VALUE_ON_ZERO' */;
/*!40111 SET @OLD_SQL_NOTES=@@SQL_NOTES, SQL_NOTES=0 */;

--
-- Table structure for table `tbl_category`
--

DROP TABLE IF EXISTS `tbl_category`;
/*!40101 SET @saved_cs_client     = @@character_set_client */;
/*!40101 SET character_set_client = utf8 */;
CREATE TABLE `tbl_category` (
  `category_id` bigint(5) unsigned NOT NULL AUTO_INCREMENT,
  `parent_id` bigint(5) unsigned DEFAULT NULL,
  `category_name` varchar(100) NOT NULL,
  `insertion_time` datetime DEFAULT NULL,
  `deletion_time` datetime DEFAULT NULL,
  `is_deleted` char(1) NOT NULL,
  PRIMARY KEY (`category_id`),
  KEY `fk_category_parent_id` (`parent_id`),
  CONSTRAINT `fk_category_parent_id` FOREIGN KEY (`parent_id`) REFERENCES `tbl_category` (`category_id`)
) ENGINE=InnoDB AUTO_INCREMENT=44 DEFAULT CHARSET=utf8;
/*!40101 SET character_set_client = @saved_cs_client */;

--
-- Dumping data for table `tbl_category`
--

LOCK TABLES `tbl_category` WRITE;
/*!40000 ALTER TABLE `tbl_category` DISABLE KEYS */;
INSERT INTO `tbl_category` VALUES (4,NULL,'Faucets','2016-05-14 23:05:07',NULL,'N'),(5,4,'KHROMA SERIES','2016-05-14 23:05:07',NULL,'N'),(6,4,'AURA SERIES','2016-05-14 23:05:07',NULL,'N'),(7,4,'SLEEK SERIES','2016-05-14 23:05:07',NULL,'N'),(8,4,'AQUA SERIES','2016-05-14 23:05:07',NULL,'N'),(9,4,'LUXUS SERIES','2016-05-14 23:05:07',NULL,'N'),(10,4,'KLAPS SERIES','2016-05-14 23:05:07',NULL,'N'),(12,4,'OYESTERS SERIES','2016-05-14 23:05:07',NULL,'N'),(13,4,'HYDRO SERIES','2016-05-14 23:05:07',NULL,'N'),(16,4,'NECTOR SERIES','2016-05-14 23:05:07',NULL,'N'),(17,4,'FLORINNA SERIES','2016-05-14 23:05:07',NULL,'N'),(18,4,'COREL SERIES','2016-05-14 23:05:07',NULL,'N'),(20,4,'APEX SERIES','2016-05-14 23:05:07',NULL,'N'),(27,4,'ASTRA SERIES','2016-05-14 23:05:07',NULL,'N'),(28,4,'CIA SERIES','2016-05-14 23:05:07',NULL,'N'),(29,4,'TOUCH SERIES','2016-05-14 23:05:07',NULL,'N'),(30,4,'MOMENTS SERIES','2016-05-14 23:05:07',NULL,'N'),(31,4,'NAKSH SERIES','2016-05-14 23:05:07',NULL,'N'),(32,4,'FUSION SERIES','2016-05-14 23:05:07',NULL,'N'),(33,4,'STONE SERIES','2016-05-14 23:05:07',NULL,'N'),(34,4,'MAGNUM SERIES','2016-05-14 23:05:07',NULL,'N'),(35,4,'POLO SERIES','2016-05-14 23:05:07',NULL,'N'),(36,4,'SOFT SERIES','2016-05-14 23:05:07',NULL,'N'),(37,4,'REGENT SERIES','2016-05-14 23:05:07',NULL,'N'),(38,4,'AXXIS SERIES','2016-05-14 23:05:07',NULL,'N'),(39,4,'ELITE SERIES','2016-05-14 23:05:07',NULL,'N'),(40,4,'IMPERIAL SERIES','2016-05-14 23:05:07',NULL,'N'),(41,4,'NOVA SERIES','2016-05-14 23:05:07',NULL,'N'),(42,4,'SURGICAL SERIES','2016-05-14 23:05:07',NULL,'N'),(43,4,'UNIX SERIES','2016-05-14 23:05:07',NULL,'N');
/*!40000 ALTER TABLE `tbl_category` ENABLE KEYS */;
UNLOCK TABLES;

--
-- Table structure for table `tbl_err_log`
--

DROP TABLE IF EXISTS `tbl_err_log`;
/*!40101 SET @saved_cs_client     = @@character_set_client */;
/*!40101 SET character_set_client = utf8 */;
CREATE TABLE `tbl_err_log` (
  `err_log_id` bigint(20) unsigned NOT NULL AUTO_INCREMENT,
  `proc_name` varchar(100) NOT NULL,
  `params` text,
  `creation_time` datetime NOT NULL,
  PRIMARY KEY (`err_log_id`)
) ENGINE=InnoDB DEFAULT CHARSET=utf8;
/*!40101 SET character_set_client = @saved_cs_client */;

--
-- Dumping data for table `tbl_err_log`
--

LOCK TABLES `tbl_err_log` WRITE;
/*!40000 ALTER TABLE `tbl_err_log` DISABLE KEYS */;
/*!40000 ALTER TABLE `tbl_err_log` ENABLE KEYS */;
UNLOCK TABLES;

--
-- Table structure for table `tbl_inquiry`
--

DROP TABLE IF EXISTS `tbl_inquiry`;
/*!40101 SET @saved_cs_client     = @@character_set_client */;
/*!40101 SET character_set_client = utf8 */;
CREATE TABLE `tbl_inquiry` (
  `inquiry_id` bigint(20) unsigned NOT NULL AUTO_INCREMENT,
  `detail` text,
  `email` varchar(100) NOT NULL,
  `mobile` varchar(15) NOT NULL,
  `insertion_time` datetime DEFAULT NULL,
  PRIMARY KEY (`inquiry_id`)
) ENGINE=InnoDB AUTO_INCREMENT=25 DEFAULT CHARSET=utf8;
/*!40101 SET character_set_client = @saved_cs_client */;

--
-- Dumping data for table `tbl_inquiry`
--

LOCK TABLES `tbl_inquiry` WRITE;
/*!40000 ALTER TABLE `tbl_inquiry` DISABLE KEYS */;
INSERT INTO `tbl_inquiry` VALUES (1,'I am interested in your products.\r\n1. ANGLE COCK (KHROMA SERIES)-VKH13\r\n2. ANGLE COCK (KHROMA SERIES)-VKH13\r\n\r\nPlease contact me on my email/phone.','asdadas@33.com','9893789379','2016-06-01 21:37:04'),(2,'I am interested in your products.\r\n1. ANGLE COCK (KHROMA SERIES)-VKH13\r\n2. ANGLE COCK (KHROMA SERIES)-VKH13\r\n\r\nPlease contact me on my email/phone. ----------------','ju.maniania@cbd.com','332332222','2016-06-01 22:00:17'),(3,'I am interested in your products.\r\n1. ANGLE COCK (KHROMA SERIES)-VKH13\r\n2. ANGLE COCK (KHROMA SERIES)-VKH13\r\n\r\nPlease contact me on my email/phone. ----------------','ju.maniania@cbd.com','332332222','2016-06-01 22:01:50'),(4,'I am interested in your products.\r\n1. ANGLE COCK (KHROMA SERIES)-VKH13\r\n2. ANGLE COCK (KHROMA SERIES)-VKH13\r\n\r\nPlease contact me on my email/phone.','ju.maniania@cbd.com','9893789379','2016-06-01 22:20:36'),(5,'I am interested in your products.\r\n1. ANGLE COCK (KHROMA SERIES)-VKH13\r\n\r\nPlease contact me on my email/phone.','ju.manikandan@gmail.com','9867545321','2016-06-02 09:53:00'),(6,'I am interested in your products.\r\n1. ANGLE COCK (KHROMA SERIES)-VKH13\r\n\r\nPlease contact me on my email/phone.','ju.manikandan@gmail.com','8765457322','2016-06-02 10:00:13'),(7,'I am interested in your products.\r\n1. ANGLE COCK (KHROMA SERIES)-VKH13\r\n\r\nPlease contact me on my email/phone.','ju.manikandan@gmail.com','9876556789','2016-06-02 10:04:34'),(8,'I am interested in your products.\r\n1. ANGLE COCK (KHROMA SERIES)-VKH13\r\n2. BIB COCK (KHROMA SERIES)-VKH 11\r\n\r\nPlease contact me on my email/phone.','ju.manikandan@gmail.com','9876543210','2016-06-02 10:31:03'),(9,'I am interested in your products.\r\n1. ANGLE COCK (KHROMA SERIES)-VKH13\r\n2. BIB COCK (KHROMA SERIES)-VKH 11\r\n\r\nPlease contact me on my email/phone.','ju.manikandan@gmail.com','9867545321','2016-06-02 10:53:16'),(10,'I am interested in your products.\r\n1. ANGLE COCK (KHROMA SERIES)-VKH13\r\n2. BIB COCK (KHROMA SERIES)-VKH 11\r\n\r\nPlease contact me on my email/phone.','ju.manikandan@gmail.com','8765457322','2016-06-02 10:54:53'),(11,'I am interested in your products.\r\n1. ANGLE COCK (KHROMA SERIES)-VKH13\r\n2. BIB COCK (KHROMA SERIES)-VKH 11\r\n\r\nPlease contact me on my email/phone.','ju.manikandan@gmail.com','8765457322','2016-06-02 10:56:55'),(12,'I am interested in your products.\r\n1. ANGLE COCK (KHROMA SERIES)-VKH13\r\n2. BIB COCK (KHROMA SERIES)-VKH 11\r\n\r\nPlease contact me on my email/phone.','ju.manikandan@gmail.com','9867545321','2016-06-02 11:20:52'),(13,'I am interested in your products.\r\n1. ANGLE COCK (KHROMA SERIES)-VKH13\r\n2. BIB COCK (KHROMA SERIES)-VKH 11\r\n\r\nPlease contact me on my email/phone.','ju.manikandan@gmail.com','9867545321','2016-06-02 11:23:50'),(14,'I am interested in your products.\r\n1. ANGLE COCK (KHROMA SERIES)-VKH13\r\n2. BIB COCK (KHROMA SERIES)-VKH 11\r\n\r\nPlease contact me on my email/phone.','ju.manikandan@gmail.com','9867545321','2016-06-02 11:25:49'),(15,'I am interested in your products.\r\n1. ANGLE COCK (KHROMA SERIES)-VKH13\r\n2. BIB COCK (KHROMA SERIES)-VKH 11\r\n\r\nPlease contact me on my email/phone.','technocratz4u@gmail.com','9833783783','2016-06-02 11:26:34'),(16,'I am interested in your products.\r\n1. ANGLE COCK (KHROMA SERIES)-VKH13\r\n2. BIB COCK (KHROMA SERIES)-VKH 11\r\n\r\nPlease contact me on my email/phone.','technocratz4u@gmail.com','9833783783','2016-06-02 11:28:01'),(17,'I am interested in your products.\r\n1. ANGLE COCK (KHROMA SERIES)-VKH13\r\n2. BIB COCK (KHROMA SERIES)-VKH 11\r\n\r\nPlease contact me on my email/phone.','ju.manikandan@gmail.com','9836355344','2016-06-02 12:05:59'),(18,'I am interested in your products.\r\n1. ANGLE COCK (KHROMA SERIES)-VKH13\r\n2. BIB COCK (KHROMA SERIES)-VKH 11\r\n\r\nPlease contact me on my email/phone.','ju.manikandan@gmail.com','9836355344','2016-06-02 12:09:35'),(19,'I am interested in your products.\r\n1. ANGLE COCK (KHROMA SERIES)-VKH13\r\n2. BIB COCK (KHROMA SERIES)-VKH 11\r\n\r\nPlease contact me on my email/phone.','ju.manikandan@gmail.com','8927987329','2016-06-02 12:21:19'),(20,'I am interested in your products.\r\n1. ANGLE COCK (KHROMA SERIES)-VKH13\r\n2. BIB COCK (KHROMA SERIES)-VKH 11\r\n\r\nPlease contact me on my email/phone.','ju.manikandan@gmail.com','8927987329','2016-06-02 12:23:14'),(21,'I am interested in your products.\r\n1. ANGLE COCK (KHROMA SERIES)-VKH13\r\n2. BIB COCK (KHROMA SERIES)-VKH 11\r\n\r\nPlease contact me on my email/phone.','ju.manikandan@gmail.com','8927987329','2016-06-02 12:29:41'),(22,'I am interested in your products.\r\n1. ANGLE COCK (KHROMA SERIES)-VKH13\r\n2. BIB COCK (KHROMA SERIES)-VKH 11\r\n\r\nPlease contact me on my email/phone.','ju.manikandan@gmail.com','8927987329','2016-06-02 12:33:25'),(23,'I am interested in your products.\r\n1. ANGLE COCK (KHROMA SERIES)-VKH13\r\n2. BIB COCK (KHROMA SERIES)-VKH 11\r\n\r\nPlease contact me on my email/phone.','ju.manikandan@gmail.com','8927987329','2016-06-02 12:38:29'),(24,'I am interested in your products.\r\n1. ANGLE COCK (KHROMA SERIES)-VKH13\r\n2. BIB COCK (KHROMA SERIES)-VKH 11\r\n\r\nPlease contact me on my email/phone.','ju.manikandan@gmail.com','9833783783','2016-06-02 12:41:33');
/*!40000 ALTER TABLE `tbl_inquiry` ENABLE KEYS */;
UNLOCK TABLES;

--
-- Table structure for table `tbl_item`
--

DROP TABLE IF EXISTS `tbl_item`;
/*!40101 SET @saved_cs_client     = @@character_set_client */;
/*!40101 SET character_set_client = utf8 */;
CREATE TABLE `tbl_item` (
  `item_id` bigint(20) unsigned NOT NULL AUTO_INCREMENT,
  `category_id` bigint(5) unsigned DEFAULT NULL,
  `item_code` varchar(100) NOT NULL,
  `item_name` varchar(100) NOT NULL,
  `insertion_time` datetime DEFAULT NULL,
  `deletion_time` datetime DEFAULT NULL,
  `is_deleted` char(1) DEFAULT NULL,
  `description` varchar(500) DEFAULT NULL,
  PRIMARY KEY (`item_id`),
  KEY `fk_item_category_id` (`category_id`),
  CONSTRAINT `fk_item_category_id` FOREIGN KEY (`category_id`) REFERENCES `tbl_category` (`category_id`)
) ENGINE=InnoDB AUTO_INCREMENT=853 DEFAULT CHARSET=utf8;
/*!40101 SET character_set_client = @saved_cs_client */;

--
-- Dumping data for table `tbl_item`
--

LOCK TABLES `tbl_item` WRITE;
/*!40000 ALTER TABLE `tbl_item` DISABLE KEYS */;
INSERT INTO `tbl_item` VALUES (82,5,'VKH12','PILLAR COCK','2016-05-14 23:16:47',NULL,NULL,NULL),(83,5,'VKH13','ANGLE COCK','2016-05-14 23:16:47',NULL,NULL,NULL),(84,5,'VKH15','LONG NOSE','2016-05-14 23:16:47',NULL,NULL,NULL),(85,5,'VKH21','CONCEALED STOP COCK 1/2 Inch','2016-05-14 23:16:47',NULL,NULL,NULL),(88,5,'VKH31','SINK COCK WALL MOUNTED','2016-05-14 23:16:47',NULL,NULL,NULL),(89,5,'VKH33','SWAN NECK TABLE MOUNTED','2016-05-14 23:16:47',NULL,NULL,NULL),(90,5,'VKH34','2 IN 1 BIB COCK','2016-05-14 23:16:47',NULL,NULL,NULL),(93,5,'VKH44','SINK MIXER WALL MOUNTED','2016-05-14 23:16:47',NULL,NULL,NULL),(96,5,'VKH52','WALL MIXER WITH CRUTCH/ BEND','2016-05-14 23:16:47',NULL,NULL,NULL),(99,6,'VAU11','BIB COCK','2016-05-14 23:16:47',NULL,NULL,NULL),(100,6,'VAU12','PILLAR COCK','2016-05-14 23:16:47',NULL,NULL,NULL),(101,6,'VAU13','ANGLE COCK','2016-05-14 23:16:47',NULL,NULL,NULL),(102,6,'VAU15','LONG NOSE','2016-05-14 23:16:47',NULL,NULL,NULL),(103,6,'VAU21','CONCEALED STOP COCK 1/2 Inch','2016-05-14 23:16:47',NULL,NULL,NULL),(106,6,'VAU31','SINK COCK WALL MOUNTED','2016-05-14 23:16:47',NULL,NULL,NULL),(107,6,'VAU33','SWAN NECK TABLE MOUNTED','2016-05-14 23:16:47',NULL,NULL,NULL),(108,6,'VAU34','2 IN 1 BIB COCK','2016-05-14 23:16:47',NULL,NULL,NULL),(109,6,'VAU36','2 IN 1 ANGLE COCK','2016-05-14 23:16:47',NULL,NULL,NULL),(110,6,'VAU41','CENTER HOLE BASIN MIXER','2016-05-14 23:16:47',NULL,NULL,NULL),(111,6,'VAU44','SINK MIXER WALL MOUNTED','2016-05-14 23:16:47',NULL,NULL,NULL),(114,6,'VAU52','WALL MIXER WITH CRUTCH/ BEND','2016-05-14 23:16:47',NULL,NULL,NULL),(116,6,'VAU54','3 IN 1 WALL MIXER WITH CRUTCH/ BEND','2016-05-14 23:16:47',NULL,NULL,NULL),(118,7,'VSL12','PILLAR COCK','2016-05-14 23:16:47',NULL,NULL,NULL),(119,7,'VSL13','ANGLE COCK','2016-05-14 23:16:47',NULL,NULL,NULL),(120,7,'VSL15','LONG NOSE','2016-05-14 23:16:47',NULL,NULL,NULL),(121,7,'VSL21','CONCEALED STOP COCK 1/2 Inch','2016-05-14 23:16:47',NULL,NULL,NULL),(124,7,'VSL31','SINK COCK WALL MOUNTED','2016-05-14 23:16:47',NULL,NULL,NULL),(125,7,'VSL33','SWAN NECK TABLE MOUNTED','2016-05-14 23:16:47',NULL,NULL,NULL),(126,7,'VSL34','2 IN 1 BIB COCK','2016-05-14 23:16:47',NULL,NULL,NULL),(128,7,'VSL41','CENTER HOLE BASIN MIXER','2016-05-14 23:16:47',NULL,NULL,NULL),(129,7,'VSL44','SINK MIXER WALL MOUNTED','2016-05-14 23:16:47',NULL,NULL,NULL),(132,7,'VSL52','WALL MIXER WITH CRUTCH/ BEND','2016-05-14 23:16:47',NULL,NULL,NULL),(134,7,'VSL54','3 IN 1 WALL MIXER WITH CRUTCH/ BEND','2016-05-14 23:16:47',NULL,NULL,NULL),(135,8,'VAQ11','BIB COCK','2016-05-14 23:16:47',NULL,NULL,NULL),(136,8,'VAQ12','PILLAR COCK','2016-05-14 23:16:47',NULL,NULL,NULL),(137,8,'VAQ13','ANGLE COCK','2016-05-14 23:16:47',NULL,NULL,NULL),(138,8,'VAQ15','LONG NOSE','2016-05-14 23:16:47',NULL,NULL,NULL),(139,8,'VAQ21','CONCEALED STOP COCK 1/2 Inch','2016-05-14 23:16:47',NULL,NULL,NULL),(142,8,'VAQ31','SINK COCK WALL MOUNTED','2016-05-14 23:16:47',NULL,NULL,NULL),(143,8,'VAQ33','SWAN NECK TABLE MOUNTED','2016-05-14 23:16:47',NULL,NULL,NULL),(144,8,'VAQ34','2 IN 1 BIB COCK','2016-05-14 23:16:47',NULL,NULL,NULL),(146,8,'VAQ41','SINGLE LEVER CENTER HOLE BASIN MIXER','2016-05-14 23:16:47',NULL,NULL,NULL),(151,8,'VAQ52','3 IN 1 WALL MIXER WITHOUT CRUTCH/ BEND','2016-05-14 23:16:47',NULL,NULL,NULL),(153,9,'VLU11','BIB COCK','2016-05-14 23:16:47',NULL,NULL,NULL),(154,9,'VLU12','PILLAR COCK','2016-05-14 23:16:47',NULL,NULL,NULL),(155,9,'VLU13','ANGLE COCK','2016-05-14 23:16:47',NULL,NULL,NULL),(156,9,'VLU15','LONG NOSE','2016-05-14 23:16:47',NULL,NULL,NULL),(157,9,'VLU21','CONCEALED STOP COCK 1/2 Inch','2016-05-14 23:16:47',NULL,NULL,NULL),(160,9,'VLU31','SINK COCK WALL MOUNTED','2016-05-14 23:16:47',NULL,NULL,NULL),(161,9,'VLU33','SWAN NECK TABLE MOUNTED','2016-05-14 23:16:47',NULL,NULL,NULL),(162,9,'VLU34','2 IN 1 BIB COCK','2016-05-14 23:16:47',NULL,NULL,NULL),(170,9,'VLU54','3 IN 1 WALL MIXER WITH CRUTCH/ BEND','2016-05-14 23:16:47',NULL,NULL,NULL),(171,10,'VKL11','BIB COCK','2016-05-14 23:16:47',NULL,NULL,NULL),(172,10,'VKL12','PILLAR COCK','2016-05-14 23:16:47',NULL,NULL,NULL),(173,10,'VKL13','ANGLE COCK','2016-05-14 23:16:47',NULL,NULL,NULL),(174,10,'VKL15','LONG NOSE','2016-05-14 23:16:47',NULL,NULL,NULL),(175,10,'VKL21','CONCEALED STOP COCK 1/2 Inch','2016-05-14 23:16:47',NULL,NULL,NULL),(178,10,'VKL31','SINK COCK WALL MOUNTED','2016-05-14 23:16:47',NULL,NULL,NULL),(179,10,'VKL33','SWAN NECK TABLE MOUNTED','2016-05-14 23:16:47',NULL,NULL,NULL),(180,10,'VKL34','2 IN 1 BIB COCK','2016-05-14 23:16:47',NULL,NULL,NULL),(181,10,'VKL36','2 IN 1 ANGLE COCK','2016-05-14 23:16:47',NULL,NULL,NULL),(183,10,'VKL44','SINK MIXER WALL MOUNTED','2016-05-14 23:16:47',NULL,NULL,NULL),(186,10,'VKL52','WALL MIXER WITH CRUTCH/ BEND','2016-05-14 23:16:47',NULL,NULL,NULL),(188,10,'VKL54','3 IN 1 WALL MIXER WITH CRUTCH/ BEND','2016-05-14 23:16:47',NULL,NULL,NULL),(207,12,'VOY11','BIB COCK','2016-05-14 23:16:47',NULL,NULL,NULL),(208,12,'VOY12','PILLAR COCK','2016-05-14 23:16:47',NULL,NULL,NULL),(209,12,'VOY13','ANGLE COCK','2016-05-14 23:16:47',NULL,NULL,NULL),(210,12,'VOY15','LONG NOSE','2016-05-14 23:16:47',NULL,NULL,NULL),(211,12,'VOY21','CONCEALED STOP COCK 1/2 Inch','2016-05-14 23:16:47',NULL,NULL,NULL),(214,12,'VOY31','SINK COCK WALL MOUNTED','2016-05-14 23:16:47',NULL,NULL,NULL),(215,12,'VOY33','SWAN NECK TABLE MOUNTED','2016-05-14 23:16:47',NULL,NULL,NULL),(216,12,'VOY34','2 IN 1 BIB COCK','2016-05-14 23:16:47',NULL,NULL,NULL),(219,12,'VOY44','SINK MIXER WALL MOUNTED','2016-05-14 23:16:47',NULL,NULL,NULL),(222,12,'VOY52','WALL MIXER WITH CRUTCH/ BEND','2016-05-14 23:16:47',NULL,NULL,NULL),(225,13,'VHY11','BIB COCK','2016-05-14 23:16:47',NULL,NULL,NULL),(226,13,'VHY12','PILLAR COCK','2016-05-14 23:16:47',NULL,NULL,NULL),(227,13,'VHY13','ANGLE COCK','2016-05-14 23:16:47',NULL,NULL,NULL),(228,13,'VHY15','LONG NOSE','2016-05-14 23:16:47',NULL,NULL,NULL),(229,13,'VHY21','CONCEALED STOP COCK 1/2 Inch','2016-05-14 23:16:47',NULL,NULL,NULL),(232,13,'VHY31','SINK COCK WALL MOUNTED','2016-05-14 23:16:47',NULL,NULL,NULL),(233,13,'VHY33','SWAN NECK TABLE MOUNTED','2016-05-14 23:16:47',NULL,NULL,NULL),(234,13,'VHY34','2 IN 1 BIB COCK','2016-05-14 23:16:47',NULL,NULL,NULL),(235,13,'VHY36','2 IN 1 ANGLE COCK','2016-05-14 23:16:47',NULL,NULL,NULL),(237,13,'VHY44','SINK MIXER WALL MOUNTED','2016-05-14 23:16:47',NULL,NULL,NULL),(240,13,'VHY52','WALL MIXER WITH CRUTCH/ BEND','2016-05-14 23:16:47',NULL,NULL,NULL),(279,16,'VNE12','PILLAR COCK','2016-05-14 23:16:47',NULL,NULL,NULL),(280,16,'VNE13','ANGLE COCK','2016-05-14 23:16:47',NULL,NULL,NULL),(281,16,'VNE15','BIB COCK LONG NOSE','2016-05-14 23:16:47',NULL,NULL,NULL),(282,16,'VNE21','CONCEALED STOP COCK 1/2 Inch','2016-05-14 23:16:47',NULL,NULL,NULL),(285,16,'VNE31','SINK COCK WALL MOUNTED','2016-05-14 23:16:47',NULL,NULL,NULL),(286,16,'VNE33','SWAN NECK TABLE MOUNTED','2016-05-14 23:16:47',NULL,NULL,NULL),(287,16,'VNE34','2 IN 1 BIB COCK','2016-05-14 23:16:47',NULL,NULL,NULL),(293,16,'VNE52','3 IN 1 WALL MIXER WITHOUT CRUTCH/ BEND','2016-05-14 23:16:47',NULL,NULL,NULL),(295,17,'VFL11','BIB COCK','2016-05-14 23:16:47',NULL,NULL,NULL),(296,17,'VFL12','PILLAR COCK','2016-05-14 23:16:47',NULL,NULL,NULL),(297,17,'VFL13','ANGLE COCK','2016-05-14 23:16:47',NULL,NULL,NULL),(298,17,'VFL15','LONG NOSE','2016-05-14 23:16:47',NULL,NULL,NULL),(302,17,'VFL31','SINK COCK WALL MOUNTED','2016-05-14 23:16:47',NULL,NULL,NULL),(303,17,'VFL33','SWAN NECK TABLE MOUNTED','2016-05-14 23:16:47',NULL,NULL,NULL),(304,17,'VFL34','2 IN 1 BIB COCK','2016-05-14 23:16:47',NULL,NULL,NULL),(310,17,'VFL52','WALL MIXER WITH CRUTCH/ BEND','2016-05-14 23:16:47',NULL,NULL,NULL),(314,18,'VCO12','PILLAR COCK','2016-05-14 23:16:47',NULL,NULL,NULL),(315,18,'VCO13','ANGLE COCK','2016-05-14 23:16:47',NULL,NULL,NULL),(316,18,'VCO15','LONG NOSE','2016-05-14 23:16:47',NULL,NULL,NULL),(317,18,'VCO21','CONCEALED STOP COCK 1/2 Inch','2016-05-14 23:16:47',NULL,NULL,NULL),(319,18,'VCO23','FLUSH COCK 1 Inch','2016-05-14 23:16:47',NULL,NULL,NULL),(320,18,'VCO31','SINK COCK WALL MOUNTED','2016-05-14 23:16:47',NULL,NULL,NULL),(321,18,'VCO33','SWAN NECK TABLE MOUNTED','2016-05-14 23:16:47',NULL,NULL,NULL),(322,18,'VCO34','2 IN 1 BIB COCK','2016-05-14 23:16:47',NULL,NULL,NULL),(323,18,'VCO36','2 IN 1 ANGLE COCK','2016-05-14 23:16:47',NULL,NULL,NULL),(324,18,'VCO41','CENTER HOLE BASIN MIXER','2016-05-14 23:16:47',NULL,NULL,NULL),(325,18,'VCO44','SINK MIXER WALL MOUNTED','2016-05-14 23:16:47',NULL,NULL,NULL),(328,18,'VCO52','WALL MIXER WITH CRUTCH/ BEND','2016-05-14 23:16:47',NULL,NULL,NULL),(350,20,'VAP12','PILLAR COCK','2016-05-14 23:16:47',NULL,NULL,NULL),(351,20,'VAP13','ANGLE COCK','2016-05-14 23:16:47',NULL,NULL,NULL),(352,20,'VAP15','LONG NOSE','2016-05-14 23:16:47',NULL,NULL,NULL),(353,20,'VAP21','CONCEALED STOP COCK 1/2 Inch','2016-05-14 23:16:47',NULL,NULL,NULL),(356,20,'VAP31','SINK COCK WALL MOUNTED','2016-05-14 23:16:47',NULL,NULL,NULL),(357,20,'VAP33','SWAN NECK TABLE MOUNTED','2016-05-14 23:16:47',NULL,NULL,NULL),(358,20,'VAP34','2 IN 1 BIB COCK','2016-05-14 23:16:47',NULL,NULL,NULL),(359,20,'VAP36','2 IN 1 ANGLE COCK','2016-05-14 23:16:47',NULL,NULL,NULL),(360,20,'VAP41','CENTER HOLE BASIN MIXER','2016-05-14 23:16:47',NULL,NULL,NULL),(361,20,'VAP44','SINK MIXER WALL MOUNTED','2016-05-14 23:16:47',NULL,NULL,NULL),(364,20,'VAP52','WALL MIXER WITH CRUTCH/ BEND','2016-05-14 23:16:47',NULL,NULL,NULL),(366,20,'VAP54','3 IN 1 WALL MIXER WITH CRUTCH/ BEND','2016-05-14 23:16:47',NULL,NULL,NULL),(403,16,'VNE42','SINGLE LEVER CENTER HOLE BASIN MIXER','2016-05-14 23:16:47',NULL,NULL,NULL),(476,27,'VAS11','BIB COCK','2016-05-14 23:16:47',NULL,NULL,NULL),(477,27,'VAS12','PILLAR COCK','2016-05-14 23:16:47',NULL,NULL,NULL),(478,27,'VAS13','ANGLE COCK','2016-05-14 23:16:47',NULL,NULL,NULL),(479,27,'VAS15','LONG NOSE','2016-05-14 23:16:47',NULL,NULL,NULL),(480,27,'VAS21','CONCEALED STOP COCK 1/2\"','2016-05-14 23:16:47',NULL,NULL,NULL),(483,27,'VAS31','SINK COCK WALL MOUNTED','2016-05-14 23:16:47',NULL,NULL,NULL),(484,27,'VAS33','SWAN NECK TABLE MOUNTED','2016-05-14 23:16:47',NULL,NULL,NULL),(485,27,'VAS34','2 IN 1 BIB COCK','2016-05-14 23:16:47',NULL,NULL,NULL),(486,27,'VAS36','2 IN 1 ANGLE COCK','2016-05-14 23:16:47',NULL,NULL,NULL),(487,27,'VAS41','CENTER HOLE BASIN MIXER','2016-05-14 23:16:47',NULL,NULL,NULL),(488,27,'VAS44','SINK MIXER WALL MOUNTED','2016-05-14 23:16:47',NULL,NULL,NULL),(491,27,'VAS52','WALL MIXER WITH CRUTCH/ BEND','2016-05-14 23:16:47',NULL,NULL,NULL),(493,27,'VAS54','3 IN 1 WALL MIXER WITH CRUTCH/ BEND','2016-05-14 23:16:47',NULL,NULL,NULL),(498,28,'VCI12','PILLAR COCK','2016-05-14 23:16:47',NULL,NULL,NULL),(499,28,'VCI13','ANGLE COCK','2016-05-14 23:16:47',NULL,NULL,NULL),(500,28,'VCI15','LONG NOSE','2016-05-14 23:16:47',NULL,NULL,NULL),(501,28,'VCI21','CONCEALED STOP COCK 1/2\"','2016-05-14 23:16:47',NULL,NULL,NULL),(504,28,'VCI31','SINK COCK WALL MOUNTED','2016-05-14 23:16:47',NULL,NULL,NULL),(505,28,'VCI33','SWAN NECK TABLE MOUNTED','2016-05-14 23:16:47',NULL,NULL,NULL),(506,28,'VCI34','2 IN 1 BIB COCK','2016-05-14 23:16:47',NULL,NULL,NULL),(507,28,'VCI36','2 IN 1 ANGLE COCK','2016-05-14 23:16:47',NULL,NULL,NULL),(508,28,'VCI41','CENTER HOLE BASIN MIXER','2016-05-14 23:16:47',NULL,NULL,NULL),(509,28,'VCI44','SINK MIXER WALL MOUNTED','2016-05-14 23:16:47',NULL,NULL,NULL),(511,28,'VCI51','WALL MIXER WITHOUT CRUTCH/ BEND','2016-05-14 23:16:47',NULL,NULL,NULL),(514,28,'VCI54','3 IN 1 WALL MIXER WITH CRUTCH/ BEND','2016-05-14 23:16:47',NULL,NULL,NULL),(519,29,'VTO12','PILLAR COCK','2016-05-14 23:16:47',NULL,NULL,NULL),(520,29,'VTO13','ANGLE COCK','2016-05-14 23:16:47',NULL,NULL,NULL),(521,29,'VTO15','LONG NOSE','2016-05-14 23:16:47',NULL,NULL,NULL),(522,29,'VTO21','CONCEALED STOP COCK 1/2\"','2016-05-14 23:16:47',NULL,NULL,NULL),(525,29,'VTO31','SINK COCK WALL MOUNTED','2016-05-14 23:16:47',NULL,NULL,NULL),(526,29,'VTO33','SWAN NECK TABLE MOUNTED','2016-05-14 23:16:47',NULL,NULL,NULL),(527,29,'VTO34','2 IN 1 BIB COCK','2016-05-14 23:16:47',NULL,NULL,NULL),(528,29,'VTO36','2 IN 1 ANGLE COCK','2016-05-14 23:16:47',NULL,NULL,NULL),(529,29,'VTO41','CENTER HOLE BASIN MIXER','2016-05-14 23:16:47',NULL,NULL,NULL),(530,29,'VTO44','SINK MIXER WALL MOUNTED','2016-05-14 23:16:47',NULL,NULL,NULL),(532,29,'VTO51','WALL MIXER WITHOUT CRUTCH/ BEND','2016-05-14 23:16:47',NULL,NULL,NULL),(535,29,'VTO54','3 IN 1 WALL MIXER WITH CRUTCH/ BEND','2016-05-14 23:16:47',NULL,NULL,NULL),(540,30,'VMO12','PILLAR COCK','2016-05-14 23:16:47',NULL,NULL,NULL),(541,30,'VMO13','ANGLE COCK','2016-05-14 23:16:47',NULL,NULL,NULL),(542,30,'VMO15','LONG NOSE','2016-05-14 23:16:47',NULL,NULL,NULL),(543,30,'VMO21','CONCEALED STOP COCK 1/2\"','2016-05-14 23:16:47',NULL,NULL,NULL),(546,30,'VMO31','SINK COCK WALL MOUNTED','2016-05-14 23:16:47',NULL,NULL,NULL),(547,30,'VMO33','SWAN NECK TABLE MOUNTED','2016-05-14 23:16:47',NULL,NULL,NULL),(548,30,'VMO34','2 IN 1 BIB COCK','2016-05-14 23:16:47',NULL,NULL,NULL),(549,30,'VMO36','2 IN 1 ANGLE COCK','2016-05-14 23:16:47',NULL,NULL,NULL),(550,30,'VMO41','CENTER HOLE BASIN MIXER','2016-05-14 23:16:47',NULL,NULL,NULL),(551,30,'VMO44','SINK MIXER WALL MOUNTED','2016-05-14 23:16:47',NULL,NULL,NULL),(554,30,'VMO52','WALL MIXER WITH CRUTCH/ BEND','2016-05-14 23:16:47',NULL,NULL,NULL),(561,31,'VNA12','PILLAR COCK','2016-05-14 23:16:47',NULL,NULL,NULL),(562,31,'VNA13','ANGLE COCK','2016-05-14 23:16:47',NULL,NULL,NULL),(563,31,'VNA15','LONG NOSE','2016-05-14 23:16:47',NULL,NULL,NULL),(567,31,'VNA31','SINK COCK WALL MOUNTED','2016-05-14 23:16:47',NULL,NULL,NULL),(568,31,'VNA33','SWAN NECK TABLE MOUNTED','2016-05-14 23:16:47',NULL,NULL,NULL),(569,31,'VNA34','2 IN 1 BIB COCK','2016-05-14 23:16:47',NULL,NULL,NULL),(570,31,'VNA36','2 IN 1 ANGLE COCK','2016-05-14 23:16:47',NULL,NULL,NULL),(571,31,'VNA41','CENTER HOLE BASIN MIXER','2016-05-14 23:16:47',NULL,NULL,NULL),(572,31,'VNA44','SINK MIXER WALL MOUNTED','2016-05-14 23:16:47',NULL,NULL,NULL),(574,31,'VNA51','WALL MIXER WITHOUT CRUTCH/ BEND','2016-05-14 23:16:47',NULL,NULL,NULL),(582,32,'VFU12','PILLAR COCK','2016-05-14 23:16:47',NULL,NULL,NULL),(583,32,'VFU13','ANGLE COCK','2016-05-14 23:16:47',NULL,NULL,NULL),(584,32,'VFU15','LONG NOSE','2016-05-14 23:16:47',NULL,NULL,NULL),(585,32,'VFU21','CONCEALED STOP COCK 1/2\"','2016-05-14 23:16:47',NULL,NULL,NULL),(588,32,'VFU31','SINK COCK WALL MOUNTED','2016-05-14 23:16:47',NULL,NULL,NULL),(589,32,'VFU33','SWAN NECK TABLE MOUNTED','2016-05-14 23:16:47',NULL,NULL,NULL),(590,32,'VFU34','2 IN 1 BIB COCK','2016-05-14 23:16:47',NULL,NULL,NULL),(591,32,'VFU36','2 IN 1 ANGLE COCK','2016-05-14 23:16:47',NULL,NULL,NULL),(592,32,'VFU41','CENTER HOLE BASIN MIXER','2016-05-14 23:16:47',NULL,NULL,NULL),(595,32,'VFU51','WALL MIXER WITHOUT CRUTCH/ BEND','2016-05-14 23:16:47',NULL,NULL,NULL),(603,33,'VST12','PILLAR COCK','2016-05-14 23:16:47',NULL,NULL,NULL),(604,33,'VST13','ANGLE COCK','2016-05-14 23:16:47',NULL,NULL,NULL),(605,33,'VST15','LONG NOSE','2016-05-14 23:16:47',NULL,NULL,NULL),(606,33,'VST21','CONCEALED STOP COCK 1/2\"','2016-05-14 23:16:47',NULL,NULL,NULL),(609,33,'VST31','SINK COCK WALL MOUNTED','2016-05-14 23:16:47',NULL,NULL,NULL),(610,33,'VST33','SWAN NECK TABLE MOUNTED','2016-05-14 23:16:47',NULL,NULL,NULL),(611,33,'VST34','2 IN 1 BIB COCK','2016-05-14 23:16:47',NULL,NULL,NULL),(612,33,'VST36','2 IN 1 ANGLE COCK','2016-05-14 23:16:47',NULL,NULL,NULL),(613,33,'VST41','CENTER HOLE BASIN MIXER','2016-05-14 23:16:47',NULL,NULL,NULL),(614,33,'VST44','SINK MIXER WALL MOUNTED','2016-05-14 23:16:47',NULL,NULL,NULL),(616,33,'VST51','WALL MIXER WITHOUT CRUTCH/ BEND','2016-05-14 23:16:47',NULL,NULL,NULL),(623,34,'VMA11','BIB COCK','2016-05-14 23:16:47',NULL,NULL,NULL),(624,34,'VMA12','PILLAR COCK','2016-05-14 23:16:47',NULL,NULL,NULL),(625,34,'VMA13','ANGLE COCK','2016-05-14 23:16:47',NULL,NULL,NULL),(626,34,'VMA15','LONG NOSE','2016-05-14 23:16:47',NULL,NULL,NULL),(627,34,'VMA21','CONCEALED STOP COCK 1/2\"','2016-05-14 23:16:47',NULL,NULL,NULL),(630,34,'VMA31','SINK COCK WALL MOUNTED','2016-05-14 23:16:47',NULL,NULL,NULL),(631,34,'VMA33','SWAN NECK TABLE MOUNTED','2016-05-14 23:16:47',NULL,NULL,NULL),(632,34,'VMA34','2 IN 1 BIB COCK','2016-05-14 23:16:47',NULL,NULL,NULL),(633,34,'VMA36','2 IN 1 ANGLE COCK','2016-05-14 23:16:47',NULL,NULL,NULL),(635,34,'VMA44','SINK MIXER WALL MOUNTED','2016-05-14 23:16:47',NULL,NULL,NULL),(637,34,'VMA51','WALL MIXER WITHOUT CRUTCH/ BEND','2016-05-14 23:16:47',NULL,NULL,NULL),(644,35,'VPO11','BIB COCK','2016-05-14 23:16:47',NULL,NULL,NULL),(645,35,'VPO12','PILLAR COCK','2016-05-14 23:16:47',NULL,NULL,NULL),(646,35,'VPO13','ANGLE COCK','2016-05-14 23:16:47',NULL,NULL,NULL),(647,35,'VPO15','LONG NOSE','2016-05-14 23:16:47',NULL,NULL,NULL),(648,35,'VPO21','CONCEALED STOP COCK 1/2\"','2016-05-14 23:16:47',NULL,NULL,NULL),(651,35,'VPO31','SINK COCK WALL MOUNTED','2016-05-14 23:16:47',NULL,NULL,NULL),(652,35,'VPO33','SWAN NECK TABLE MOUNTED','2016-05-14 23:16:47',NULL,NULL,NULL),(653,35,'VPO34','2 IN 1 BIB COCK','2016-05-14 23:16:47',NULL,NULL,NULL),(654,35,'VPO36','2 IN 1 ANGLE COCK','2016-05-14 23:16:47',NULL,NULL,NULL),(655,35,'VPO41','CENTER HOLE BASIN MIXER','2016-05-14 23:16:47',NULL,NULL,NULL),(656,35,'VPO44','SINK MIXER WALL MOUNTED','2016-05-14 23:16:47',NULL,NULL,NULL),(658,35,'VPO51','WALL MIXER WITHOUT CRUTCH/ BEND','2016-05-14 23:16:47',NULL,NULL,NULL),(665,36,'VSO11','BIB COCK','2016-05-14 23:16:47',NULL,NULL,NULL),(666,36,'VSO12','PILLAR COCK','2016-05-14 23:16:47',NULL,NULL,NULL),(667,36,'VSO13','ANGLE COCK','2016-05-14 23:16:47',NULL,NULL,NULL),(668,36,'VSO15','LONG NOSE','2016-05-14 23:16:47',NULL,NULL,NULL),(672,36,'VSO31','SINK COCK WALL MOUNTED','2016-05-14 23:16:47',NULL,NULL,NULL),(673,36,'VSO33','SWAN NECK TABLE MOUNTED','2016-05-14 23:16:47',NULL,NULL,NULL),(674,36,'VSO34','2 IN 1 BIB COCK','2016-05-14 23:16:47',NULL,NULL,NULL),(676,36,'VSO41','CENTER HOLE BASIN MIXER','2016-05-14 23:16:47',NULL,NULL,NULL),(679,36,'VSO51','WALL MIXER WITHOUT CRUTCH/ BEND','2016-05-14 23:16:47',NULL,NULL,NULL),(687,37,'VRE12','PILLAR COCK','2016-05-14 23:16:47',NULL,NULL,NULL),(688,37,'VRE13','ANGLE COCK','2016-05-14 23:16:47',NULL,NULL,NULL),(689,37,'VRE15','LONG NOSE','2016-05-14 23:16:47',NULL,NULL,NULL),(690,37,'VRE21','CONCEALED STOP COCK 1/2\"','2016-05-14 23:16:47',NULL,NULL,NULL),(693,37,'VRE31','SINK COCK WALL MOUNTED','2016-05-14 23:16:47',NULL,NULL,NULL),(694,37,'VRE33','SWAN NECK TABLE MOUNTED','2016-05-14 23:16:47',NULL,NULL,NULL),(695,37,'VRE34','2 IN 1 BIB COCK','2016-05-14 23:16:47',NULL,NULL,NULL),(696,37,'VRE36','2 IN 1 ANGLE COCK','2016-05-14 23:16:47',NULL,NULL,NULL),(697,37,'VRE41','CENTER HOLE BASIN MIXER','2016-05-14 23:16:47',NULL,NULL,NULL),(698,37,'VRE44','SINK MIXER WALL MOUNTED','2016-05-14 23:16:47',NULL,NULL,NULL),(701,37,'VRE52','WALL MIXER WITH CRUTCH/ BEND','2016-05-14 23:16:47',NULL,NULL,NULL),(707,38,'VAX11','BIB COCK','2016-05-14 23:16:47',NULL,NULL,NULL),(708,38,'VAX12','PILLAR COCK','2016-05-14 23:16:47',NULL,NULL,NULL),(709,38,'VAX13','ANGLE COCK','2016-05-14 23:16:47',NULL,NULL,NULL),(710,38,'VAX15','LONG NOSE','2016-05-14 23:16:47',NULL,NULL,NULL),(711,38,'VAX21','CONCEALED STOP COCK 1/2\"','2016-05-14 23:16:47',NULL,NULL,NULL),(714,38,'VAX31','SINK COCK WALL MOUNTED','2016-05-14 23:16:47',NULL,NULL,NULL),(715,38,'VAX33','SWAN NECK TABLE MOUNTED','2016-05-14 23:16:47',NULL,NULL,NULL),(716,38,'VAX34','2 IN 1 BIB COCK','2016-05-14 23:16:47',NULL,NULL,NULL),(717,38,'VAX36','2 IN 1 ANGLE COCK','2016-05-14 23:16:47',NULL,NULL,NULL),(718,38,'VAX41','CENTER HOLE BASIN MIXER','2016-05-14 23:16:47',NULL,NULL,NULL),(719,38,'VAX44','SINK MIXER WALL MOUNTED','2016-05-14 23:16:47',NULL,NULL,NULL),(721,38,'VAX51','WALL MIXER WITHOUT CRUTCH/ BEND','2016-05-14 23:16:47',NULL,NULL,NULL),(724,38,'VAX54','3 IN 1 WALL MIXER WITH CRUTCH/ BEND','2016-05-14 23:16:47',NULL,NULL,NULL),(746,8,'VAQ61','SINGLE LEVER DIVERTOR 4 WAY','2016-05-14 23:16:47',NULL,NULL,NULL),(752,9,'VLU61','SINGLE LEVER DIVERTOR 4 WAY','2016-05-14 23:16:47',NULL,NULL,NULL),(753,9,'VLU63','PLAIN SPOUT','2016-05-14 23:16:47',NULL,NULL,NULL),(754,9,'VLU64','TIP TON SPOUT','2016-05-14 23:16:47',NULL,NULL,NULL),(762,13,'VHY61','SINGLE LEVER DIVERTOR 4 WAY','2016-05-14 23:16:47',NULL,NULL,NULL),(764,13,'VHY64','TIP TON SPOUT','2016-05-14 23:16:47',NULL,NULL,NULL),(767,16,'VNE61','SINGLE LEVER DIVERTOR 4 WAY','2016-05-14 23:16:47',NULL,NULL,NULL),(773,17,'VFL61','SINGLE LEVER DIVERTOR 4 WAY','2016-05-14 23:16:47',NULL,NULL,NULL),(788,10,'VKL42','SINGLE LEVER CENTER HOLE BASIN MIXER','2016-06-05 19:10:32',NULL,NULL,NULL),(789,10,'VKL61','SINGLE','2016-06-05 19:10:32',NULL,NULL,NULL),(790,10,'VKL63','SINGLE LEVER DIVERTOR 5 WAY','2016-06-05 19:10:32',NULL,NULL,NULL),(791,12,'VOY42','SINGLE LEVER CENTER HOLE BASIN MIXER','2016-06-05 19:10:32',NULL,NULL,NULL),(792,12,'VOY43','SINGLE LEVER CENTER HOLE 12 LONG ','2016-06-05 19:10:32',NULL,NULL,NULL),(793,12,'VOY61','SINGLE LEVER DIVERTOR 4 WAY ','2016-06-05 19:10:33',NULL,NULL,NULL),(794,13,'VHY42','SINGLE LEVER CENTER HOLE BASIN MIXER','2016-06-05 19:10:33',NULL,NULL,NULL),(795,13,'VHY47','SINGLE LEVER WALL MOUNTED','2016-06-05 19:10:33',NULL,NULL,NULL),(796,17,'VFL42','SINGLE LEVER CENTER HOLE BASIN MIXER','2016-06-05 19:10:33',NULL,NULL,NULL),(797,17,'VFL43','SINGLE LEVER CENTER HOLE 12 LONG','2016-06-05 19:10:33',NULL,NULL,NULL),(798,29,'VTO11','BIB COCK','2016-06-05 19:10:33',NULL,NULL,NULL),(799,30,'VMO11','BIB COCK','2016-06-05 19:10:33',NULL,NULL,NULL),(800,31,'VNA11','BIB COCK','2016-06-05 19:10:33',NULL,NULL,NULL),(801,32,'VFU11','BIB COCK','2016-06-05 19:10:33',NULL,NULL,NULL),(802,33,'VST11','BIB COCK','2016-06-05 19:10:34',NULL,NULL,NULL),(803,37,'VRE11','BIB COCK','2016-06-05 19:10:34',NULL,NULL,NULL),(804,39,'VEL11','BIB COCK','2016-06-05 19:10:34',NULL,NULL,NULL),(805,39,'VEL12','PILLAR COCK','2016-06-05 19:10:34',NULL,NULL,NULL),(806,39,'VEL13','ANGLE COCK','2016-06-05 19:10:34',NULL,NULL,NULL),(807,39,'VEL14','LONG BODY','2016-06-05 19:10:34',NULL,NULL,NULL),(808,39,'VEL21','CONCEALED STOP COCK 15MM','2016-06-05 19:10:34',NULL,NULL,NULL),(809,39,'VEL31','SINK COCK WALL MOUNTED','2016-06-05 19:10:34',NULL,NULL,NULL),(810,39,'VEL33','SWAN NECK TABLE MOUNTED','2016-06-05 19:10:34',NULL,NULL,NULL),(811,39,'VEL35','TWO IN ONE LONG BODY','2016-06-05 19:10:34',NULL,NULL,NULL),(812,39,'VEL36','TWO IN ONE ANGLE COCK','2016-06-05 19:10:34',NULL,NULL,NULL),(813,39,'VEL52','WALL MIXER WITH CRUTCH BEND','2016-06-05 19:10:35',NULL,NULL,NULL),(814,39,'VEL54','THREE IN ONE WALL MIXER WITH BEND','2016-06-05 19:10:35',NULL,NULL,NULL),(815,40,'VIM11','BIB COCK','2016-06-05 19:10:35',NULL,NULL,NULL),(816,40,'VIM12','PILLAR COCK','2016-06-05 19:10:35',NULL,NULL,NULL),(817,40,'VIM13','ANGULAR COCK','2016-06-05 19:10:35',NULL,NULL,NULL),(818,40,'VIM15','LONG NOSE','2016-06-05 19:10:36',NULL,NULL,NULL),(819,40,'VIM21','CONCEALED STOP COCK ','2016-06-05 19:10:36',NULL,NULL,NULL),(820,40,'VIM31','SINK COCK WALL MOUNTED','2016-06-05 19:10:36',NULL,NULL,NULL),(821,40,'VIM33','SWAN NECK TABLE MOUNTED','2016-06-05 19:10:36',NULL,NULL,NULL),(822,40,'VIM34','2 IN 1 BIB COCK','2016-06-05 19:10:36',NULL,NULL,NULL),(823,40,'VIM41','CENTER HOLE BASIN MIXER','2016-06-05 19:10:36',NULL,NULL,NULL),(824,40,'VIM51','WALL MIXER WITHOUT CRUTCH','2016-06-05 19:10:36',NULL,NULL,NULL),(825,41,'VNO11','BIB COCK','2016-06-05 19:10:36',NULL,NULL,NULL),(826,41,'VNO12','PILLAR COCK','2016-06-05 19:10:36',NULL,NULL,NULL),(827,41,'VNO13','ANGLE COCK','2016-06-05 19:10:36',NULL,NULL,NULL),(828,41,'VNO14','LONG BODY','2016-06-05 19:10:36',NULL,NULL,NULL),(829,41,'VNO31','SINK COCK WALL MOUNTED','2016-06-05 19:10:37',NULL,NULL,NULL),(830,41,'VNO33','SWAN NECK TABLE MOUNTED','2016-06-05 19:10:37',NULL,NULL,NULL),(831,41,'VNO34','2 IN 1 BIB COCK','2016-06-05 19:10:37',NULL,NULL,NULL),(832,41,'VNO51','WALL MIXER WITHOUT CRUTCH','2016-06-05 19:10:37',NULL,NULL,NULL),(833,42,'VSU11','ELBOW ACTION BIB COCK','2016-06-05 19:10:37',NULL,NULL,NULL),(834,42,'VSU12','ELBOX ACTION PILLAR COCK','2016-06-05 19:10:37',NULL,NULL,NULL),(835,42,'VSU13','LABORATORY COCK ONE - WAY ','2016-06-05 19:10:37',NULL,NULL,NULL),(836,42,'VSU15','LABORATORY COCK THREE - WAY','2016-06-05 19:10:37',NULL,NULL,NULL),(837,43,'VUN11','BIB COCK','2016-06-05 19:10:38',NULL,NULL,NULL),(838,43,'VUN12','PILLAR COCK','2016-06-05 19:10:38',NULL,NULL,NULL),(839,43,'VUN13','ANGLE COCK','2016-06-05 19:10:38',NULL,NULL,NULL),(840,43,'VUN14','LONG BODY','2016-06-05 19:10:38',NULL,NULL,NULL),(841,43,'VUN21','CONCEALED STOP COCK','2016-06-05 19:10:38',NULL,NULL,NULL),(842,43,'VUN31','SINK COCK WALL MOUNTED','2016-06-05 19:10:38',NULL,NULL,NULL),(843,43,'VUN33','SWAN NECK TABLE MOUNTED','2016-06-05 19:10:38',NULL,NULL,NULL),(844,43,'VUN34','2 IN 1 BIB COCK','2016-06-05 19:10:38',NULL,NULL,NULL),(845,43,'VUN35','2 IN 1 LONG BODY','2016-06-05 19:10:38',NULL,NULL,NULL),(846,43,'VUN36','2 IN 1 ANGLE COCK','2016-06-05 19:10:38',NULL,NULL,NULL),(847,43,'VUN52','WALL MIXER WITH CRUTCH','2016-06-05 19:10:39',NULL,NULL,NULL),(848,43,'VUN54','3 IN 1 WALL MIXER WITH CRUTCH','2016-06-05 19:10:39',NULL,NULL,NULL),(849,5,'VKH11','BIB COCK','2016-06-05 19:10:39',NULL,NULL,NULL),(850,5,'VKH41','CENTER HOLE BASIN MIXER','2016-06-05 19:10:39',NULL,NULL,NULL),(851,7,'VSL11','BIB COCK','2016-06-05 19:10:39',NULL,NULL,NULL),(852,9,'VLU42','SINGLE LEVER CENTER HOLE BASIN MIXER','2016-06-05 19:10:39',NULL,NULL,NULL);
/*!40000 ALTER TABLE `tbl_item` ENABLE KEYS */;
UNLOCK TABLES;

--
-- Dumping events for database 'velvet_db'
--

--
-- Dumping routines for database 'velvet_db'
--
/*!50003 DROP PROCEDURE IF EXISTS `proc_category` */;
/*!50003 SET @saved_cs_client      = @@character_set_client */ ;
/*!50003 SET @saved_cs_results     = @@character_set_results */ ;
/*!50003 SET @saved_col_connection = @@collation_connection */ ;
/*!50003 SET character_set_client  = utf8 */ ;
/*!50003 SET character_set_results = utf8 */ ;
/*!50003 SET collation_connection  = utf8_general_ci */ ;
/*!50003 SET @saved_sql_mode       = @@sql_mode */ ;
/*!50003 SET sql_mode              = '' */ ;
DELIMITER ;;
CREATE DEFINER=`root`@`localhost` PROCEDURE `proc_category`(
	IN in_sub_category_id BIGINT(20)
)
BEGIN

	select tc.category_id as category_id, tc.category_name as category_name,
		tsc.category_id as sub_category_id, tsc.category_name as sub_category_name
		from tbl_category tc, tbl_category tsc
		where tsc.parent_id = tc.category_id
		and tc.parent_id IS NULL
		and tsc.parent_id IS NOT NULL
		and tc.is_deleted='N'
		and tsc.is_deleted='N' 
		order by tsc.category_name;

	IF in_sub_category_id IS NOT NULL THEN 

	select ti.item_id, ti.item_code, ti.item_name,
				tc.category_id as category_id, tc.category_name as category_name,
				tsc.category_id as sub_category_id, tsc.category_name as sub_category_name
				from tbl_item ti, tbl_category tc, tbl_category tsc
				where ti.category_id = tsc.category_id
				and tc.parent_id IS NULL
				and tsc.parent_id IS NOT NULL
				and tsc.parent_id = tc.category_id
				and tc.is_deleted='N'
				and tsc.is_deleted='N' 
				and tsc.category_id = in_sub_category_id
				order by ti.item_name;


	END IF;
END ;;
DELIMITER ;
/*!50003 SET sql_mode              = @saved_sql_mode */ ;
/*!50003 SET character_set_client  = @saved_cs_client */ ;
/*!50003 SET character_set_results = @saved_cs_results */ ;
/*!50003 SET collation_connection  = @saved_col_connection */ ;
/*!50003 DROP PROCEDURE IF EXISTS `proc_get_item_details` */;
/*!50003 SET @saved_cs_client      = @@character_set_client */ ;
/*!50003 SET @saved_cs_results     = @@character_set_results */ ;
/*!50003 SET @saved_col_connection = @@collation_connection */ ;
/*!50003 SET character_set_client  = utf8 */ ;
/*!50003 SET character_set_results = utf8 */ ;
/*!50003 SET collation_connection  = utf8_general_ci */ ;
/*!50003 SET @saved_sql_mode       = @@sql_mode */ ;
/*!50003 SET sql_mode              = '' */ ;
DELIMITER ;;
CREATE DEFINER=`my_user`@`localhost` PROCEDURE `proc_get_item_details`(
	IN in_item_id VARCHAR(20)
)
BEGIN

	DECLARE proc_status varchar(10);

	DECLARE EXIT HANDLER FOR SQLEXCEPTION 
    BEGIN
        ROLLBACK;

        INSERT INTO 
			tbl_err_log(proc_name, params, creation_time)
		VALUES
			('proc_get_item_details',
			concat('in_item_id : ', ifnull(in_item_id,'NULL')),
			now());

        SET proc_status = 'ERROR';
        select proc_status;
        -- select err_debug_str;
    END;
	
select 
    ti.item_id,
    ct.category_name,
    ti.item_code,
    ti.item_name,
	ti.description
from
    tbl_item ti,
    tbl_category ct
WHERE
    ti.item_id = in_item_id
        and ti.category_id = ct.category_id;


select 
    ti.item_id,
    ct.category_name,
    ti.item_code,
    ti.item_name,
	ti.description
from
    tbl_item ti,
    tbl_category ct
WHERE
		ti.category_id = (select category_id from tbl_item where item_id=in_item_id)
		and ti.category_id = ct.category_id
		and ti.item_id != in_item_id;
END ;;
DELIMITER ;
/*!50003 SET sql_mode              = @saved_sql_mode */ ;
/*!50003 SET character_set_client  = @saved_cs_client */ ;
/*!50003 SET character_set_results = @saved_cs_results */ ;
/*!50003 SET collation_connection  = @saved_col_connection */ ;
/*!50003 DROP PROCEDURE IF EXISTS `proc_home_page` */;
/*!50003 SET @saved_cs_client      = @@character_set_client */ ;
/*!50003 SET @saved_cs_results     = @@character_set_results */ ;
/*!50003 SET @saved_col_connection = @@collation_connection */ ;
/*!50003 SET character_set_client  = utf8 */ ;
/*!50003 SET character_set_results = utf8 */ ;
/*!50003 SET collation_connection  = utf8_general_ci */ ;
/*!50003 SET @saved_sql_mode       = @@sql_mode */ ;
/*!50003 SET sql_mode              = '' */ ;
DELIMITER ;;
CREATE DEFINER=`root`@`localhost` PROCEDURE `proc_home_page`()
BEGIN

select ti.item_id, ti.item_code, ti.item_name
from tbl_item ti
WHERE ti.item_id IN (81, 82, 83, 84, 85, 86, 87, 88);

END ;;
DELIMITER ;
/*!50003 SET sql_mode              = @saved_sql_mode */ ;
/*!50003 SET character_set_client  = @saved_cs_client */ ;
/*!50003 SET character_set_results = @saved_cs_results */ ;
/*!50003 SET collation_connection  = @saved_col_connection */ ;
/*!50003 DROP PROCEDURE IF EXISTS `proc_inquiry` */;
/*!50003 SET @saved_cs_client      = @@character_set_client */ ;
/*!50003 SET @saved_cs_results     = @@character_set_results */ ;
/*!50003 SET @saved_col_connection = @@collation_connection */ ;
/*!50003 SET character_set_client  = utf8 */ ;
/*!50003 SET character_set_results = utf8 */ ;
/*!50003 SET collation_connection  = utf8_general_ci */ ;
/*!50003 SET @saved_sql_mode       = @@sql_mode */ ;
/*!50003 SET sql_mode              = '' */ ;
DELIMITER ;;
CREATE DEFINER=`root`@`localhost` PROCEDURE `proc_inquiry`(
	IN in_detail TEXT,
	IN in_email varchar(100),
	IN in_mobile varchar(10)
)
BEGIN
	DECLARE proc_status varchar(10);

	DECLARE EXIT HANDLER FOR SQLEXCEPTION 
    BEGIN
        ROLLBACK;

        INSERT INTO 
			tbl_err_log(proc_name, params, creation_time)
		VALUES
			('proc_inquiry',
			concat('in_detail : ', ifnull(in_detail,'NULL'), ', in_email : ', ifnull(in_email,'NULL'), 
			', in_mobile : ', ifnull(in_mobile,'NULL')),
			now());

        SET proc_status = 'ERROR';
        select proc_status;
        -- select err_debug_str;
    END;

	START TRANSACTION;

		INSERT INTO tbl_inquiry
			(detail, email,mobile,insertion_time)
		VALUES
			(in_detail,in_email,in_mobile,now());

	COMMIT;

	SET proc_status = 'SUCCESS';
	select proc_status;

END ;;
DELIMITER ;
/*!50003 SET sql_mode              = @saved_sql_mode */ ;
/*!50003 SET character_set_client  = @saved_cs_client */ ;
/*!50003 SET character_set_results = @saved_cs_results */ ;
/*!50003 SET collation_connection  = @saved_col_connection */ ;
/*!40103 SET TIME_ZONE=@OLD_TIME_ZONE */;

/*!40101 SET SQL_MODE=@OLD_SQL_MODE */;
/*!40014 SET FOREIGN_KEY_CHECKS=@OLD_FOREIGN_KEY_CHECKS */;
/*!40014 SET UNIQUE_CHECKS=@OLD_UNIQUE_CHECKS */;
/*!40101 SET CHARACTER_SET_CLIENT=@OLD_CHARACTER_SET_CLIENT */;
/*!40101 SET CHARACTER_SET_RESULTS=@OLD_CHARACTER_SET_RESULTS */;
/*!40101 SET COLLATION_CONNECTION=@OLD_COLLATION_CONNECTION */;
/*!40111 SET SQL_NOTES=@OLD_SQL_NOTES */;

-- Dump completed on 2016-06-06  0:39:10
